{"cameraMode":{"drawMode":0,"name":"Shaded","section":"Shading Mode"},"sceneLighting":false,"audioPlay":false,"sceneViewState":{"showFog":true,"showMaterialUpdate":true,"showSkybox":false,"showFlares":true,"showImageEffects":true,"showParticleSystems":true},"in2DMode":false,"pivot":{"x":116.74526977539063,"y":1.1614711284637452,"z":35.55873489379883},"rotation":{"x":-0.2162269502878189,"y":0.2108859270811081,"z":-0.047884900122880939,"w":-0.9521227478981018},"size":1.6285589933395386,"orthographic":false}