{"cameraMode":{"drawMode":0,"name":"Shaded","section":"Shading Mode"},"sceneLighting":false,"audioPlay":false,"sceneViewState":{"showFog":true,"showMaterialUpdate":true,"showSkybox":false,"showFlares":true,"showImageEffects":true,"showParticleSystems":true},"in2DMode":false,"pivot":{"x":114.20684814453125,"y":-0.6966456174850464,"z":139.40489196777345},"rotation":{"x":0.3637583553791046,"y":0.0921190083026886,"z":-0.03615080565214157,"w":0.9262580275535584},"size":5.014553070068359,"orthographic":false}