{"cameraMode":{"drawMode":0,"name":"Shaded","section":"Shading Mode"},"sceneLighting":false,"audioPlay":false,"sceneViewState":{"showFog":true,"showMaterialUpdate":true,"showSkybox":true,"showFlares":true,"showImageEffects":true,"showParticleSystems":true},"in2DMode":false,"pivot":{"x":124.32440948486328,"y":3.3735408782958986,"z":61.848628997802737},"rotation":{"x":0.1539183408021927,"y":-0.7111014723777771,"z":0.16432419419288636,"w":0.6660691499710083},"size":3.9674246311187746,"orthographic":false}