{"cameraMode":{"drawMode":0,"name":"Shaded","section":"Shading Mode"},"sceneLighting":false,"audioPlay":false,"sceneViewState":{"showFog":true,"showMaterialUpdate":true,"showSkybox":false,"showFlares":true,"showImageEffects":true,"showParticleSystems":true},"in2DMode":false,"pivot":{"x":50.589996337890628,"y":305.7059326171875,"z":153.40765380859376},"rotation":{"x":-0.03801947832107544,"y":0.1999652087688446,"z":-0.007753722369670868,"w":-0.979063868522644},"size":431.3034362792969,"orthographic":false}