{"cameraMode":{"drawMode":0,"name":"Shaded","section":"Shading Mode"},"sceneLighting":false,"audioPlay":false,"sceneViewState":{"showFog":true,"showMaterialUpdate":false,"showSkybox":false,"showFlares":true,"showImageEffects":true,"showParticleSystems":true},"in2DMode":false,"pivot":{"x":117.43450927734375,"y":0.77330482006073,"z":52.599998474121097},"rotation":{"x":0.2543594241142273,"y":-0.6220285892486572,"z":0.2241714745759964,"w":0.7057917714118958},"size":1.485083818435669,"orthographic":false}