{"cameraMode":{"drawMode":0,"name":"Shaded","section":"Shading Mode"},"sceneLighting":false,"audioPlay":false,"sceneViewState":{"showFog":true,"showMaterialUpdate":false,"showSkybox":false,"showFlares":true,"showImageEffects":true,"showParticleSystems":true},"in2DMode":false,"pivot":{"x":115.93618774414063,"y":1.2724366188049317,"z":132.97964477539063},"rotation":{"x":0.031917668879032138,"y":-0.8919452428817749,"z":0.0635797455906868,"w":0.4465838372707367},"size":1.4639314413070679,"orthographic":false}