{"cameraMode":{"drawMode":0,"name":"Shaded","section":"Shading Mode"},"sceneLighting":true,"audioPlay":false,"sceneViewState":{"showFog":true,"showMaterialUpdate":false,"showSkybox":false,"showFlares":true,"showImageEffects":true,"showParticleSystems":true},"in2DMode":false,"pivot":{"x":406.14837646484377,"y":0.5538508892059326,"z":134.9337921142578},"rotation":{"x":0.0015732614556327463,"y":0.4588416814804077,"z":0.0008801149087958038,"w":-0.888541579246521},"size":13.591890335083008,"orthographic":false}