{"cameraMode":{"drawMode":0,"name":"Shaded","section":"Shading Mode"},"sceneLighting":true,"audioPlay":false,"sceneViewState":{"showFog":true,"showMaterialUpdate":false,"showSkybox":false,"showFlares":true,"showImageEffects":true,"showParticleSystems":true},"in2DMode":false,"pivot":{"x":-3.156221389770508,"y":0.0,"z":1.9308736324310303},"rotation":{"x":0.0020423531532287599,"y":-0.9964566826820374,"z":0.08029767125844956,"w":0.02542179636657238},"size":12.12435531616211,"orthographic":false}