{"cameraMode":{"drawMode":0,"name":"Shaded","section":"Shading Mode"},"sceneLighting":true,"audioPlay":false,"sceneViewState":{"showFog":true,"showMaterialUpdate":false,"showSkybox":false,"showFlares":true,"showImageEffects":true,"showParticleSystems":true},"in2DMode":false,"pivot":{"x":83.60914611816406,"y":0.5454937219619751,"z":32.24867630004883},"rotation":{"x":-0.07576259225606919,"y":0.4545298218727112,"z":-0.03875039145350456,"w":-0.8866879343986511},"size":3.4520065784454347,"orthographic":false}