{"cameraMode":{"drawMode":0,"name":"Shaded","section":"Shading Mode"},"sceneLighting":true,"audioPlay":false,"sceneViewState":{"showFog":true,"showMaterialUpdate":false,"showSkybox":false,"showFlares":true,"showImageEffects":true,"showParticleSystems":true},"in2DMode":false,"pivot":{"x":236.0044403076172,"y":-79.91232299804688,"z":75.70677185058594},"rotation":{"x":-0.36040592193603518,"y":0.6306286454200745,"z":-0.5484361052513123,"w":-0.41439375281333926},"size":208.44761657714845,"orthographic":false}