{"cameraMode":{"drawMode":0,"name":"Shaded","section":"Shading Mode"},"sceneLighting":false,"audioPlay":false,"sceneViewState":{"showFog":true,"showMaterialUpdate":false,"showSkybox":false,"showFlares":true,"showImageEffects":true,"showParticleSystems":true},"in2DMode":false,"pivot":{"x":654.9983520507813,"y":270.9060363769531,"z":-1.0232019424438477},"rotation":{"x":-0.0033150312956422569,"y":-0.0032805309165269138,"z":-0.0015316567150875927,"w":-1.0001519918441773},"size":283.573974609375,"orthographic":false}