{"cameraMode":{"drawMode":0,"name":"Shaded","section":"Shading Mode"},"sceneLighting":true,"audioPlay":false,"sceneViewState":{"showFog":true,"showMaterialUpdate":false,"showSkybox":false,"showFlares":true,"showImageEffects":true,"showParticleSystems":true},"in2DMode":false,"pivot":{"x":5.343183517456055,"y":1.7639884948730469,"z":10.632548332214356},"rotation":{"x":-0.1961914598941803,"y":0.7821668982505798,"z":-0.3016679584980011,"w":-0.5086534023284912},"size":1.237307071685791,"orthographic":false}