{"cameraMode":{"drawMode":0,"name":"Shaded","section":"Shading Mode"},"sceneLighting":true,"audioPlay":false,"sceneViewState":{"showFog":true,"showMaterialUpdate":false,"showSkybox":false,"showFlares":true,"showImageEffects":true,"showParticleSystems":true},"in2DMode":false,"pivot":{"x":-4.760000228881836,"y":1.5799999237060547,"z":10.529999732971192},"rotation":{"x":-0.2530331611633301,"y":-0.09587866812944412,"z":0.02522006817162037,"w":-0.9623681306838989},"size":3.6373062133789064,"orthographic":false}