{"cameraMode":{"drawMode":0,"name":"Shaded","section":"Shading Mode"},"sceneLighting":true,"audioPlay":false,"sceneViewState":{"showFog":true,"showMaterialUpdate":false,"showSkybox":false,"showFlares":true,"showImageEffects":true,"showParticleSystems":true},"in2DMode":false,"pivot":{"x":4.907225608825684,"y":1.5805339813232422,"z":3.561166763305664},"rotation":{"x":-0.2530331611633301,"y":-0.09587866812944412,"z":0.02522006817162037,"w":-0.9623681306838989},"size":3.6373064517974855,"orthographic":false}