{"cameraMode":{"drawMode":0,"name":"Shaded","section":"Shading Mode"},"sceneLighting":true,"audioPlay":false,"sceneViewState":{"showFog":true,"showMaterialUpdate":false,"showSkybox":true,"showFlares":true,"showImageEffects":true,"showParticleSystems":true},"in2DMode":false,"pivot":{"x":115.89431762695313,"y":1.10878586769104,"z":57.404571533203128},"rotation":{"x":0.1584959179162979,"y":-0.0940413847565651,"z":0.015164737589657307,"w":0.9827648997306824},"size":4.0532732009887699,"orthographic":false}