{"cameraMode":{"drawMode":0,"name":"Shaded","section":"Shading Mode"},"sceneLighting":false,"audioPlay":false,"sceneViewState":{"showFog":true,"showMaterialUpdate":false,"showSkybox":false,"showFlares":true,"showImageEffects":true,"showParticleSystems":true},"in2DMode":false,"pivot":{"x":-0.0016319751739501954,"y":0.38072359561920168,"z":0.04056369513273239},"rotation":{"x":0.0915447399020195,"y":-0.05225634202361107,"z":0.004806178156286478,"w":0.9944305419921875},"size":0.6892728209495544,"orthographic":false}