{"cameraMode":{"drawMode":0,"name":"Shaded","section":"Shading Mode"},"sceneLighting":true,"audioPlay":false,"sceneViewState":{"showFog":true,"showMaterialUpdate":false,"showSkybox":false,"showFlares":true,"showImageEffects":true,"showParticleSystems":true},"in2DMode":false,"pivot":{"x":-4.8236541748046879,"y":1.729438304901123,"z":-10.511873245239258},"rotation":{"x":-0.2530331611633301,"y":-0.09587866812944412,"z":0.02522006817162037,"w":-0.9623681306838989},"size":3.6373066902160646,"orthographic":false}