{"cameraMode":{"drawMode":0,"name":"Shaded","section":"Shading Mode"},"sceneLighting":false,"audioPlay":false,"sceneViewState":{"showFog":true,"showMaterialUpdate":false,"showSkybox":false,"showFlares":true,"showImageEffects":true,"showParticleSystems":true},"in2DMode":false,"pivot":{"x":157.6693115234375,"y":-0.48597729206085207,"z":75.14559173583985},"rotation":{"x":-0.08320649713277817,"y":0.7104703783988953,"z":-0.08523918688297272,"w":-0.6936039328575134},"size":1.652424931526184,"orthographic":false}