{"cameraMode":{"drawMode":0,"name":"Shaded","section":"Shading Mode"},"sceneLighting":false,"audioPlay":false,"sceneViewState":{"showFog":true,"showMaterialUpdate":false,"showSkybox":false,"showFlares":true,"showImageEffects":true,"showParticleSystems":true},"in2DMode":false,"pivot":{"x":226.6109161376953,"y":2.3011727333068849,"z":219.0419158935547},"rotation":{"x":-0.08320649713277817,"y":0.7104703783988953,"z":-0.08523918688297272,"w":-0.6936039328575134},"size":10.0,"orthographic":false}