{"cameraMode":{"drawMode":0,"name":"Shaded","section":"Shading Mode"},"sceneLighting":true,"audioPlay":false,"sceneViewState":{"showFog":true,"showMaterialUpdate":false,"showSkybox":false,"showFlares":true,"showImageEffects":true,"showParticleSystems":true},"in2DMode":false,"pivot":{"x":-323.73199462890627,"y":-186.81764221191407,"z":372.2727355957031},"rotation":{"x":-0.13782283663749696,"y":0.4638373553752899,"z":-0.07364655286073685,"w":-0.8721081614494324},"size":332.5106201171875,"orthographic":false}