{"cameraMode":{"drawMode":0,"name":"Shaded","section":"Shading Mode"},"sceneLighting":false,"audioPlay":false,"sceneViewState":{"showFog":true,"showMaterialUpdate":false,"showSkybox":false,"showFlares":true,"showImageEffects":true,"showParticleSystems":true},"in2DMode":false,"pivot":{"x":27.876419067382814,"y":-222.9364471435547,"z":-161.25453186035157},"rotation":{"x":-0.09821143001317978,"y":0.9012989401817322,"z":-0.3166643977165222,"w":-0.2791909873485565},"size":225.6194305419922,"orthographic":false}