{"cameraMode":{"drawMode":0,"name":"Shaded","section":"Shading Mode"},"sceneLighting":true,"audioPlay":false,"sceneViewState":{"showFog":true,"showMaterialUpdate":false,"showSkybox":false,"showFlares":true,"showImageEffects":true,"showParticleSystems":true},"in2DMode":false,"pivot":{"x":125.0,"y":16.53297233581543,"z":120.6172866821289},"rotation":{"x":0.4114674925804138,"y":-0.32400187849998476,"z":0.15919718146324159,"w":0.8369404077529907},"size":188.70599365234376,"orthographic":false}