{"cameraMode":{"drawMode":0,"name":"Shaded","section":"Shading Mode"},"sceneLighting":false,"audioPlay":false,"sceneViewState":{"showFog":true,"showMaterialUpdate":false,"showSkybox":false,"showFlares":true,"showImageEffects":true,"showParticleSystems":true},"in2DMode":false,"pivot":{"x":116.5708999633789,"y":1.100000023841858,"z":52.099998474121097},"rotation":{"x":0.06709951162338257,"y":-0.5701303482055664,"z":0.04679729789495468,"w":0.8174716234207153},"size":8.317895889282227,"orthographic":false}